,0
1,크루엘라
2,분노의 질주: 더 얼티메이트
3,파이프라인
4,보이저스
5,극장판 귀멸의 칼날: 무한열차편
6,도라에몽: 스탠바이미 2
7,스파이럴
8,애플
9,비와 당신의 이야기
10,500일의 썸머
11,굴뚝마을의 푸펠
12,컨저링 3: 악마가 시켰다
13,아미 오브 더 데드
14,캐시트럭
15,라이더스 오브 저스티스
16,노매드랜드
17,더 스파이
18,혼자 사는 사람들
19,인트로덕션
20,크루즈 패밀리: 뉴 에이지
21,이터널스
22,미나리
23,내일의 기억
24,프로페서 앤 매드맨
25,아들의 이름으로
26,브리짓 존스의 일기
27,내가 죽기를 바라는 자들
28,썰
29,낫아웃
30,"좋은 빛, 좋은 공기"
31,베놈 2: 렛 데어 비 카니지
32,콰이어트 플레이스 2
33,극장판 콩순이: 장난감나라 대모험
34,써니
35,발신제한
36,쇼크 웨이브 2
37,2067
38,킬러의 보디가드 2
39,잭 스나이더의 저스티스 리그
40,인셉션
41,여고괴담 여섯번째 이야기 : 모교
42,어른들은 몰라요
43,진범
44,아이들은 즐겁다
45,그린 북
46,노바디 
47,자산어보
48,명탐정 코난: 비색의 탄환
49,분노의 질주: 더 세븐
50,비밀의 정원
