PassengerId,Survived
<property object at 0x000001FE526B6360>,0
<property object at 0x000001FE526B6360>,0
<property object at 0x000001FE526B6360>,0
<property object at 0x000001FE526B6360>,0
<property object at 0x000001FE526B6360>,0
<property object at 0x000001FE526B6360>,0
<property object at 0x000001FE526B6360>,0
<property object at 0x000001FE526B6360>,0
<property object at 0x000001FE526B6360>,1
<property object at 0x000001FE526B6360>,0
<property object at 0x000001FE526B6360>,0
<property object at 0x000001FE526B6360>,1
<property object at 0x000001FE526B6360>,1
<property object at 0x000001FE526B6360>,0
<property object at 0x000001FE526B6360>,1
<property object at 0x000001FE526B6360>,1
<property object at 0x000001FE526B6360>,0
<property object at 0x000001FE526B6360>,0
<property object at 0x000001FE526B6360>,0
<property object at 0x000001FE526B6360>,0
<property object at 0x000001FE526B6360>,0
<property object at 0x000001FE526B6360>,1
<property object at 0x000001FE526B6360>,1
<property object at 0x000001FE526B6360>,1
<property object at 0x000001FE526B6360>,1
<property object at 0x000001FE526B6360>,0
<property object at 0x000001FE526B6360>,1
<property object at 0x000001FE526B6360>,0
<property object at 0x000001FE526B6360>,1
<property object at 0x000001FE526B6360>,0
<property object at 0x000001FE526B6360>,0
<property object at 0x000001FE526B6360>,0
<property object at 0x000001FE526B6360>,0
<property object at 0x000001FE526B6360>,0
<property object at 0x000001FE526B6360>,1
<property object at 0x000001FE526B6360>,0
<property object at 0x000001FE526B6360>,0
<property object at 0x000001FE526B6360>,0
<property object at 0x000001FE526B6360>,0
<property object at 0x000001FE526B6360>,0
<property object at 0x000001FE526B6360>,0
<property object at 0x000001FE526B6360>,1
<property object at 0x000001FE526B6360>,0
<property object at 0x000001FE526B6360>,1
<property object at 0x000001FE526B6360>,1
<property object at 0x000001FE526B6360>,0
<property object at 0x000001FE526B6360>,1
<property object at 0x000001FE526B6360>,1
<property object at 0x000001FE526B6360>,1
<property object at 0x000001FE526B6360>,0
<property object at 0x000001FE526B6360>,0
<property object at 0x000001FE526B6360>,0
<property object at 0x000001FE526B6360>,1
<property object at 0x000001FE526B6360>,1
<property object at 0x000001FE526B6360>,0
<property object at 0x000001FE526B6360>,0
<property object at 0x000001FE526B6360>,0
<property object at 0x000001FE526B6360>,0
<property object at 0x000001FE526B6360>,0
<property object at 0x000001FE526B6360>,1
<property object at 0x000001FE526B6360>,0
<property object at 0x000001FE526B6360>,0
<property object at 0x000001FE526B6360>,0
<property object at 0x000001FE526B6360>,0
<property object at 0x000001FE526B6360>,1
<property object at 0x000001FE526B6360>,1
<property object at 0x000001FE526B6360>,1
<property object at 0x000001FE526B6360>,0
<property object at 0x000001FE526B6360>,1
<property object at 0x000001FE526B6360>,1
<property object at 0x000001FE526B6360>,0
<property object at 0x000001FE526B6360>,0
<property object at 0x000001FE526B6360>,0
<property object at 0x000001FE526B6360>,1
<property object at 0x000001FE526B6360>,1
<property object at 0x000001FE526B6360>,1
<property object at 0x000001FE526B6360>,0
<property object at 0x000001FE526B6360>,1
<property object at 0x000001FE526B6360>,0
<property object at 0x000001FE526B6360>,0
<property object at 0x000001FE526B6360>,1
<property object at 0x000001FE526B6360>,0
<property object at 0x000001FE526B6360>,1
<property object at 0x000001FE526B6360>,0
<property object at 0x000001FE526B6360>,0
<property object at 0x000001FE526B6360>,0
<property object at 0x000001FE526B6360>,0
<property object at 0x000001FE526B6360>,1
<property object at 0x000001FE526B6360>,1
<property object at 0x000001FE526B6360>,1
<property object at 0x000001FE526B6360>,0
<property object at 0x000001FE526B6360>,0
<property object at 0x000001FE526B6360>,1
<property object at 0x000001FE526B6360>,0
<property object at 0x000001FE526B6360>,1
<property object at 0x000001FE526B6360>,0
<property object at 0x000001FE526B6360>,1
<property object at 0x000001FE526B6360>,0
<property object at 0x000001FE526B6360>,0
<property object at 0x000001FE526B6360>,0
<property object at 0x000001FE526B6360>,1
<property object at 0x000001FE526B6360>,0
<property object at 0x000001FE526B6360>,1
<property object at 0x000001FE526B6360>,0
<property object at 0x000001FE526B6360>,1
<property object at 0x000001FE526B6360>,0
<property object at 0x000001FE526B6360>,0
<property object at 0x000001FE526B6360>,1
<property object at 0x000001FE526B6360>,0
<property object at 0x000001FE526B6360>,0
<property object at 0x000001FE526B6360>,0
<property object at 0x000001FE526B6360>,1
<property object at 0x000001FE526B6360>,1
<property object at 0x000001FE526B6360>,0
<property object at 0x000001FE526B6360>,1
<property object at 0x000001FE526B6360>,0
<property object at 0x000001FE526B6360>,0
<property object at 0x000001FE526B6360>,0
<property object at 0x000001FE526B6360>,0
<property object at 0x000001FE526B6360>,1
<property object at 0x000001FE526B6360>,1
<property object at 0x000001FE526B6360>,0
<property object at 0x000001FE526B6360>,1
<property object at 0x000001FE526B6360>,0
<property object at 0x000001FE526B6360>,1
<property object at 0x000001FE526B6360>,0
<property object at 0x000001FE526B6360>,0
<property object at 0x000001FE526B6360>,1
<property object at 0x000001FE526B6360>,0
<property object at 0x000001FE526B6360>,0
<property object at 0x000001FE526B6360>,0
<property object at 0x000001FE526B6360>,0
<property object at 0x000001FE526B6360>,0
<property object at 0x000001FE526B6360>,0
<property object at 0x000001FE526B6360>,0
<property object at 0x000001FE526B6360>,0
<property object at 0x000001FE526B6360>,0
<property object at 0x000001FE526B6360>,0
<property object at 0x000001FE526B6360>,0
<property object at 0x000001FE526B6360>,0
<property object at 0x000001FE526B6360>,0
<property object at 0x000001FE526B6360>,1
<property object at 0x000001FE526B6360>,0
<property object at 0x000001FE526B6360>,0
<property object at 0x000001FE526B6360>,1
<property object at 0x000001FE526B6360>,0
<property object at 0x000001FE526B6360>,0
<property object at 0x000001FE526B6360>,0
<property object at 0x000001FE526B6360>,1
<property object at 0x000001FE526B6360>,0
<property object at 0x000001FE526B6360>,1
<property object at 0x000001FE526B6360>,0
<property object at 0x000001FE526B6360>,0
<property object at 0x000001FE526B6360>,0
<property object at 0x000001FE526B6360>,0
<property object at 0x000001FE526B6360>,0
<property object at 0x000001FE526B6360>,1
<property object at 0x000001FE526B6360>,0
<property object at 0x000001FE526B6360>,1
<property object at 0x000001FE526B6360>,1
<property object at 0x000001FE526B6360>,1
<property object at 0x000001FE526B6360>,1
<property object at 0x000001FE526B6360>,1
<property object at 0x000001FE526B6360>,0
<property object at 0x000001FE526B6360>,0
<property object at 0x000001FE526B6360>,0
<property object at 0x000001FE526B6360>,0
<property object at 0x000001FE526B6360>,0
<property object at 0x000001FE526B6360>,1
<property object at 0x000001FE526B6360>,0
<property object at 0x000001FE526B6360>,0
<property object at 0x000001FE526B6360>,0
<property object at 0x000001FE526B6360>,0
<property object at 0x000001FE526B6360>,0
<property object at 0x000001FE526B6360>,0
<property object at 0x000001FE526B6360>,1
<property object at 0x000001FE526B6360>,1
<property object at 0x000001FE526B6360>,0
<property object at 0x000001FE526B6360>,1
<property object at 0x000001FE526B6360>,1
<property object at 0x000001FE526B6360>,0
<property object at 0x000001FE526B6360>,0
<property object at 0x000001FE526B6360>,1
<property object at 0x000001FE526B6360>,1
<property object at 0x000001FE526B6360>,1
<property object at 0x000001FE526B6360>,0
<property object at 0x000001FE526B6360>,1
<property object at 0x000001FE526B6360>,0
<property object at 0x000001FE526B6360>,0
<property object at 0x000001FE526B6360>,0
<property object at 0x000001FE526B6360>,0
<property object at 0x000001FE526B6360>,1
<property object at 0x000001FE526B6360>,1
<property object at 0x000001FE526B6360>,0
<property object at 0x000001FE526B6360>,1
<property object at 0x000001FE526B6360>,0
<property object at 0x000001FE526B6360>,1
<property object at 0x000001FE526B6360>,0
<property object at 0x000001FE526B6360>,0
<property object at 0x000001FE526B6360>,0
<property object at 0x000001FE526B6360>,1
<property object at 0x000001FE526B6360>,1
<property object at 0x000001FE526B6360>,0
<property object at 0x000001FE526B6360>,1
<property object at 0x000001FE526B6360>,0
<property object at 0x000001FE526B6360>,1
<property object at 0x000001FE526B6360>,0
<property object at 0x000001FE526B6360>,0
<property object at 0x000001FE526B6360>,1
<property object at 0x000001FE526B6360>,0
<property object at 0x000001FE526B6360>,0
<property object at 0x000001FE526B6360>,0
<property object at 0x000001FE526B6360>,0
<property object at 0x000001FE526B6360>,1
<property object at 0x000001FE526B6360>,0
<property object at 0x000001FE526B6360>,0
<property object at 0x000001FE526B6360>,1
<property object at 0x000001FE526B6360>,0
<property object at 0x000001FE526B6360>,1
<property object at 0x000001FE526B6360>,0
<property object at 0x000001FE526B6360>,1
<property object at 0x000001FE526B6360>,0
<property object at 0x000001FE526B6360>,1
<property object at 0x000001FE526B6360>,0
<property object at 0x000001FE526B6360>,1
<property object at 0x000001FE526B6360>,1
<property object at 0x000001FE526B6360>,0
<property object at 0x000001FE526B6360>,1
<property object at 0x000001FE526B6360>,0
<property object at 0x000001FE526B6360>,0
<property object at 0x000001FE526B6360>,0
<property object at 0x000001FE526B6360>,1
<property object at 0x000001FE526B6360>,0
<property object at 0x000001FE526B6360>,1
<property object at 0x000001FE526B6360>,0
<property object at 0x000001FE526B6360>,0
<property object at 0x000001FE526B6360>,0
<property object at 0x000001FE526B6360>,0
<property object at 0x000001FE526B6360>,1
<property object at 0x000001FE526B6360>,1
<property object at 0x000001FE526B6360>,1
<property object at 0x000001FE526B6360>,1
<property object at 0x000001FE526B6360>,0
<property object at 0x000001FE526B6360>,0
<property object at 0x000001FE526B6360>,1
<property object at 0x000001FE526B6360>,0
<property object at 0x000001FE526B6360>,1
<property object at 0x000001FE526B6360>,0
<property object at 0x000001FE526B6360>,1
<property object at 0x000001FE526B6360>,0
<property object at 0x000001FE526B6360>,1
<property object at 0x000001FE526B6360>,0
<property object at 0x000001FE526B6360>,1
<property object at 0x000001FE526B6360>,0
<property object at 0x000001FE526B6360>,0
<property object at 0x000001FE526B6360>,0
<property object at 0x000001FE526B6360>,1
<property object at 0x000001FE526B6360>,0
<property object at 0x000001FE526B6360>,1
<property object at 0x000001FE526B6360>,0
<property object at 0x000001FE526B6360>,0
<property object at 0x000001FE526B6360>,0
<property object at 0x000001FE526B6360>,1
<property object at 0x000001FE526B6360>,1
<property object at 0x000001FE526B6360>,0
<property object at 0x000001FE526B6360>,0
<property object at 0x000001FE526B6360>,0
<property object at 0x000001FE526B6360>,0
<property object at 0x000001FE526B6360>,0
<property object at 0x000001FE526B6360>,0
<property object at 0x000001FE526B6360>,0
<property object at 0x000001FE526B6360>,1
<property object at 0x000001FE526B6360>,1
<property object at 0x000001FE526B6360>,1
<property object at 0x000001FE526B6360>,0
<property object at 0x000001FE526B6360>,1
<property object at 0x000001FE526B6360>,0
<property object at 0x000001FE526B6360>,0
<property object at 0x000001FE526B6360>,0
<property object at 0x000001FE526B6360>,0
<property object at 0x000001FE526B6360>,0
<property object at 0x000001FE526B6360>,1
<property object at 0x000001FE526B6360>,1
<property object at 0x000001FE526B6360>,0
<property object at 0x000001FE526B6360>,0
<property object at 0x000001FE526B6360>,0
<property object at 0x000001FE526B6360>,0
<property object at 0x000001FE526B6360>,0
<property object at 0x000001FE526B6360>,0
<property object at 0x000001FE526B6360>,0
<property object at 0x000001FE526B6360>,0
<property object at 0x000001FE526B6360>,0
<property object at 0x000001FE526B6360>,0
<property object at 0x000001FE526B6360>,0
<property object at 0x000001FE526B6360>,0
<property object at 0x000001FE526B6360>,0
<property object at 0x000001FE526B6360>,1
<property object at 0x000001FE526B6360>,0
<property object at 0x000001FE526B6360>,0
<property object at 0x000001FE526B6360>,0
<property object at 0x000001FE526B6360>,0
<property object at 0x000001FE526B6360>,0
<property object at 0x000001FE526B6360>,0
<property object at 0x000001FE526B6360>,0
<property object at 0x000001FE526B6360>,1
<property object at 0x000001FE526B6360>,1
<property object at 0x000001FE526B6360>,0
<property object at 0x000001FE526B6360>,1
<property object at 0x000001FE526B6360>,0
<property object at 0x000001FE526B6360>,0
<property object at 0x000001FE526B6360>,0
<property object at 0x000001FE526B6360>,0
<property object at 0x000001FE526B6360>,0
<property object at 0x000001FE526B6360>,0
<property object at 0x000001FE526B6360>,1
<property object at 0x000001FE526B6360>,1
<property object at 0x000001FE526B6360>,0
<property object at 0x000001FE526B6360>,0
<property object at 0x000001FE526B6360>,0
<property object at 0x000001FE526B6360>,0
<property object at 0x000001FE526B6360>,0
<property object at 0x000001FE526B6360>,0
<property object at 0x000001FE526B6360>,0
<property object at 0x000001FE526B6360>,0
<property object at 0x000001FE526B6360>,1
<property object at 0x000001FE526B6360>,0
<property object at 0x000001FE526B6360>,1
<property object at 0x000001FE526B6360>,0
<property object at 0x000001FE526B6360>,0
<property object at 0x000001FE526B6360>,0
<property object at 0x000001FE526B6360>,1
<property object at 0x000001FE526B6360>,1
<property object at 0x000001FE526B6360>,0
<property object at 0x000001FE526B6360>,0
<property object at 0x000001FE526B6360>,0
<property object at 0x000001FE526B6360>,0
<property object at 0x000001FE526B6360>,0
<property object at 0x000001FE526B6360>,0
<property object at 0x000001FE526B6360>,0
<property object at 0x000001FE526B6360>,1
<property object at 0x000001FE526B6360>,0
<property object at 0x000001FE526B6360>,0
<property object at 0x000001FE526B6360>,0
<property object at 0x000001FE526B6360>,1
<property object at 0x000001FE526B6360>,1
<property object at 0x000001FE526B6360>,0
<property object at 0x000001FE526B6360>,0
<property object at 0x000001FE526B6360>,0
<property object at 0x000001FE526B6360>,0
<property object at 0x000001FE526B6360>,1
<property object at 0x000001FE526B6360>,1
<property object at 0x000001FE526B6360>,0
<property object at 0x000001FE526B6360>,0
<property object at 0x000001FE526B6360>,0
<property object at 0x000001FE526B6360>,0
<property object at 0x000001FE526B6360>,1
<property object at 0x000001FE526B6360>,1
<property object at 0x000001FE526B6360>,0
<property object at 0x000001FE526B6360>,1
<property object at 0x000001FE526B6360>,0
<property object at 0x000001FE526B6360>,0
<property object at 0x000001FE526B6360>,1
<property object at 0x000001FE526B6360>,1
<property object at 0x000001FE526B6360>,0
<property object at 0x000001FE526B6360>,1
<property object at 0x000001FE526B6360>,0
<property object at 0x000001FE526B6360>,0
<property object at 0x000001FE526B6360>,0
<property object at 0x000001FE526B6360>,1
<property object at 0x000001FE526B6360>,0
<property object at 0x000001FE526B6360>,0
<property object at 0x000001FE526B6360>,1
<property object at 0x000001FE526B6360>,0
<property object at 0x000001FE526B6360>,0
<property object at 0x000001FE526B6360>,1
<property object at 0x000001FE526B6360>,1
<property object at 0x000001FE526B6360>,0
<property object at 0x000001FE526B6360>,0
<property object at 0x000001FE526B6360>,0
<property object at 0x000001FE526B6360>,0
<property object at 0x000001FE526B6360>,1
<property object at 0x000001FE526B6360>,0
<property object at 0x000001FE526B6360>,0
<property object at 0x000001FE526B6360>,0
<property object at 0x000001FE526B6360>,0
<property object at 0x000001FE526B6360>,1
<property object at 0x000001FE526B6360>,0
<property object at 0x000001FE526B6360>,0
<property object at 0x000001FE526B6360>,0
<property object at 0x000001FE526B6360>,0
<property object at 0x000001FE526B6360>,0
<property object at 0x000001FE526B6360>,1
<property object at 0x000001FE526B6360>,1
<property object at 0x000001FE526B6360>,0
<property object at 0x000001FE526B6360>,0
<property object at 0x000001FE526B6360>,1
<property object at 0x000001FE526B6360>,0
<property object at 0x000001FE526B6360>,1
<property object at 0x000001FE526B6360>,0
<property object at 0x000001FE526B6360>,0
<property object at 0x000001FE526B6360>,1
<property object at 0x000001FE526B6360>,0
<property object at 0x000001FE526B6360>,1
<property object at 0x000001FE526B6360>,0
<property object at 0x000001FE526B6360>,1
<property object at 0x000001FE526B6360>,0
<property object at 0x000001FE526B6360>,0
<property object at 0x000001FE526B6360>,0
<property object at 0x000001FE526B6360>,1
<property object at 0x000001FE526B6360>,1
<property object at 0x000001FE526B6360>,1
<property object at 0x000001FE526B6360>,1
<property object at 0x000001FE526B6360>,0
<property object at 0x000001FE526B6360>,0
<property object at 0x000001FE526B6360>,1
<property object at 0x000001FE526B6360>,0
<property object at 0x000001FE526B6360>,0
<property object at 0x000001FE526B6360>,1
